{"cameraMode":{"drawMode":0,"name":"Shaded","section":"Shading Mode"},"sceneLighting":true,"audioPlay":false,"sceneViewState":{"showFog":true,"showMaterialUpdate":true,"showSkybox":true,"showFlares":true,"showImageEffects":true,"showParticleSystems":true},"in2DMode":false,"pivot":{"x":186.77700805664063,"y":52.466922760009769,"z":170.1837158203125},"rotation":{"x":-0.09093664586544037,"y":-0.12720951437950135,"z":0.011679165065288544,"w":-0.9876645803451538},"size":54.046844482421878,"orthographic":false}